<?xml version="1.0" encoding="UTF-8" standalone="yes"?>
<catalog totalSize="1">
    <widget>
        <name>CXPLoginWidget</name>
        <tags>
            <tag blacklist="false" manageable="true" type="section">Generic</tag>
            <tag blacklist="false" manageable="true" type="regular">universal</tag>
        </tags>
        <lockState>UNLOCKED</lockState>
        <properties>
            <property name="src" manageable="true">
                <value type="string">$(itemRoot)/index.html</value>
            </property>
            <property label="Next Page" name="nextPage" viewHint="text-input,manager,designModeOnly">
                <value type="linkRef"></value>
            </property>
            <property label="Logged Out Next Page" name="loggedOutNextPage" viewHint="text-input,manager,designModeOnly">
                <value type="linkRef"></value>
            </property>
            <property name="TemplateName">
                <value type="string">Standard_Widget</value>
            </property>
            <property label="Widget Chrome" name="widgetChrome" viewHint="select-one,user,designModeOnly">
                <value type="string">$(contextRoot)/static/backbase.com.2012.aurora/html/chromes/widget_none.html</value>
            </property>
            <property label="Messages Source" name="messagesSrc" viewHint="text-input,manager,designModeOnly" manageable="true">
                <value type="string">$(itemRoot)/resources/messages.json</value>
            </property>
            <property name="title">
                <value type="string">Login</value>
            </property>
            <property name="thumbnailUrl" manageable="true">
                <value type="string">$(itemRoot)/icon.png</value>
            </property>
            <property name="Description">
                <value type="String"></value>
            </property>
        </properties>
    </widget>
</catalog>
